[FQ:Mapping],Functional Completeness,Functional Correctness,Functional Appropriateness,Time Behavior,Resource Utilization,Capacity,Co-Existence,Interoperability,Appropriateness Recognizability,Learnability,Operability,User Error Protection,Accessibility,Maturity,Availability,Fault Tolerance,Recoverability,Confidentiality,Integrity,Non-Repudiation,Accountability,Authenticity,Modularity,Reusability,Analyzability,Modifiability,Testability,Adaptability,Installability,Replaceability
Classification,1,1,1,0,0,1,1,1,1,0,1,0,1,0,0,1,1,1,1,0,0,0,0,0,1,0,1,0,0,1
Regression,0,0,1,0,1,0,1,0,0,1,1,0,0,0,0,0,1,1,0,1,1,0,0,0,1,0,1,1,1,1
Sequential Modeling,1,1,1,1,1,0,1,1,1,1,0,0,0,0,1,1,1,0,1,0,0,1,0,0,1,1,0,0,1,0
Generative Modeling,0,0,1,0,0,0,1,0,1,0,1,1,1,1,0,1,0,1,1,0,0,0,1,1,0,1,1,0,0,0
Discriminative Modeling,0,1,1,0,1,1,1,1,1,1,0,1,1,1,0,1,1,1,1,1,0,1,1,0,0,1,1,1,0,1
Ensemble Learning,0,1,0,0,0,1,1,1,1,1,0,1,1,1,0,1,1,1,0,1,1,0,1,0,1,1,0,0,1,1
Optimization Techniques,1,1,1,0,1,0,1,1,1,0,1,1,0,0,1,1,1,1,0,0,1,0,0,0,0,0,1,1,0,1
Tree-Based Model,0,0,0,0,0,1,1,1,1,1,1,1,0,1,1,0,1,0,1,0,1,0,1,0,1,1,0,0,1,1
Clustering,1,0,0,0,0,0,0,1,0,1,0,0,0,1,0,1,1,0,0,0,1,1,0,0,0,1,1,0,0,0
Probabilistic Model,1,1,1,0,1,0,1,0,1,1,0,1,0,1,0,0,1,1,1,0,0,1,0,1,0,0,1,0,0,0
Object Detection,1,0,0,1,0,1,1,0,1,1,1,1,1,0,0,0,1,1,0,1,1,1,0,1,1,1,1,1,1,1
Evolutionary Algorithm Models,1,0,1,1,0,0,0,1,1,1,0,0,0,1,0,1,1,0,1,0,1,0,1,0,1,0,0,1,1,0
Instance-Based Learning,1,0,0,0,1,0,0,1,1,0,1,1,0,1,0,0,0,0,0,0,0,0,1,0,1,0,1,0,0,0
Decision-Making Models,1,0,1,0,1,1,0,1,0,0,0,0,0,0,0,0,1,1,0,1,1,1,0,1,1,1,0,0,1,0
Natural Language Processing,0,1,0,0,0,1,1,0,1,1,0,0,1,0,1,1,1,0,0,0,1,1,1,1,0,0,1,1,0,0
Prediction Mechanism,1,1,1,1,1,0,1,1,1,1,1,0,1,1,0,0,1,0,0,1,1,0,1,1,0,1,0,1,0,0
Dimensionality Reduction,0,1,0,1,1,1,1,0,1,0,1,0,1,1,1,1,1,1,1,1,0,1,1,1,0,0,0,0,1,1
Pretrained Transformers for NLP,1,0,1,1,0,1,0,1,1,0,0,1,0,1,1,0,1,0,1,0,0,1,0,0,0,1,1,0,0,0
Fuzzy Inference Systems,0,0,1,1,0,1,0,0,0,1,1,1,0,0,0,1,1,1,1,0,1,0,0,1,1,1,1,1,0,0
Time Series Forecasting,1,1,0,1,0,0,0,0,1,0,1,1,1,1,1,1,0,0,0,1,0,1,0,0,1,0,1,1,1,0
Feature Extraction,1,1,0,0,0,1,0,1,0,0,1,1,1,0,1,0,0,1,1,1,1,0,0,1,1,0,0,0,1,1
Topic Modeling,0,1,0,1,0,1,1,0,0,0,0,1,0,1,0,0,0,1,1,1,0,0,1,1,1,0,0,1,0,1
Ranking Systems,1,1,0,0,1,1,0,1,1,1,1,0,1,1,0,1,0,1,0,1,0,1,1,0,0,0,1,1,0,0
Feature Selection,1,0,0,0,0,0,0,0,0,1,0,0,1,1,1,1,0,0,1,1,1,0,1,1,0,0,1,0,1,1
Association Rule Mining,0,1,1,1,0,0,0,1,0,1,1,1,1,0,1,1,1,1,0,1,1,1,1,1,0,0,0,1,0,1
Representation Learning,1,1,0,1,1,0,1,1,1,1,0,0,1,1,0,0,1,0,0,1,0,0,0,0,0,0,1,1,1,0
Statistical Models,0,1,0,1,0,1,1,1,1,1,1,0,0,0,1,0,1,0,1,1,0,1,1,1,0,1,0,1,1,1
Metric Learning,1,1,1,0,0,1,1,1,1,0,0,0,1,0,0,1,0,0,0,1,0,1,1,0,0,0,0,0,0,1
Feature Representation,1,1,0,0,0,1,1,0,1,1,1,0,1,0,1,1,1,0,0,0,0,0,0,1,0,1,0,0,0,0
Collaborative Machine Learning,0,1,0,1,0,0,1,1,0,1,0,1,1,1,1,0,1,1,1,1,1,1,1,0,0,0,1,0,1,1
Instance Segmentation,0,1,1,0,1,0,1,1,0,1,0,1,0,0,1,0,1,1,1,0,0,1,1,1,1,1,0,1,1,0
Binary Classification,1,1,0,1,1,1,0,0,1,1,0,0,1,0,0,1,0,0,1,1,1,0,0,1,1,0,1,1,1,1
Multiclass Classification,1,0,0,1,1,0,0,0,0,1,1,1,1,1,1,0,1,1,1,1,0,0,0,0,1,1,0,0,0,0
Large Language Models (LLM),1,1,0,1,0,0,0,1,0,1,1,1,1,0,1,1,0,0,0,1,1,0,1,1,0,1,0,0,0,1
Multimodal Models,1,1,1,0,0,1,0,0,1,1,0,1,0,1,0,0,1,0,0,1,1,1,1,0,0,0,0,0,1,0
Causal Inference,0,1,0,1,1,1,0,1,1,1,0,0,1,1,0,0,0,0,0,1,1,0,1,0,0,1,0,0,1,0
Neural Network Models,1,0,1,1,1,0,1,1,1,0,0,1,1,0,0,0,0,1,0,0,0,0,0,1,0,1,1,0,1,0
Support Vector Machine (SVM),1,0,0,0,0,0,1,1,1,1,0,0,0,0,0,1,0,1,1,1,1,0,0,1,1,0,1,1,0,1
Autoencoding Networks,1,1,1,1,0,0,0,0,0,0,1,0,0,0,0,0,0,0,1,0,0,0,0,1,1,1,0,0,0,0
Decision Tree Models,0,0,0,1,1,1,1,0,1,1,1,1,1,0,1,1,1,1,0,0,0,1,1,1,0,0,0,0,1,0
Bayesian Model,0,1,0,0,0,0,0,0,1,1,1,1,1,1,1,0,0,0,0,0,0,0,1,0,1,0,1,0,1,0
Long Short-Term Memory (LSTM),1,0,0,0,1,0,0,1,1,1,0,1,0,1,1,1,1,0,1,0,0,1,1,1,0,0,1,1,1,0
K-Nearest Neighbors (KNN),1,1,0,1,0,1,1,0,1,0,1,0,0,1,0,1,1,1,1,0,1,1,1,0,0,1,1,1,1,1
Regression Algorithms,0,0,1,1,0,0,0,1,0,1,1,1,0,1,0,0,0,0,0,1,0,1,1,1,1,1,1,0,1,0
Q-Learning,0,0,0,0,1,1,0,0,0,0,1,0,0,0,1,0,1,0,1,0,1,0,0,1,1,0,0,0,1,1
Extreme Learning Machine,1,1,0,1,1,0,1,0,1,0,0,0,0,0,0,1,0,0,1,1,1,1,1,0,1,0,0,1,0,0
Rule-Based Systems,1,0,1,1,1,1,0,0,1,0,1,0,0,1,1,0,0,0,0,1,0,0,0,1,1,0,0,1,0,0
Fuzzy Decision Models,0,1,0,0,0,1,1,0,0,0,0,0,1,1,0,1,0,1,1,0,1,1,1,1,0,1,0,0,1,0
Generative Adversarial Networks (GANs),0,0,0,0,1,0,0,1,1,1,1,1,0,0,0,0,0,0,1,1,1,0,0,1,1,1,0,1,1,1
Bidirectional Encoder Representations from Transformers (BERT),1,0,1,1,1,1,1,0,0,0,1,1,1,1,0,0,1,0,1,0,1,1,0,0,0,0,1,0,1,0
Generalized Linear Model (GLM),1,1,0,1,1,0,1,1,1,1,1,0,0,1,0,0,0,1,1,0,1,0,0,0,0,1,0,0,0,0
Genetic Algorithms,1,1,0,1,1,1,1,1,1,0,1,1,0,0,1,0,1,1,0,1,1,0,0,1,0,0,1,1,1,1
Naive Bayes Models,1,0,1,0,1,0,0,0,0,1,1,1,0,0,0,1,1,0,0,0,1,1,0,0,1,1,0,1,0,0
Hidden Markov Model (HMM),1,0,1,1,1,1,1,0,0,0,0,1,1,0,1,0,1,0,1,0,0,0,0,1,0,1,1,0,0,1
Deep Belief Network (DBN),0,1,0,0,1,1,1,0,1,0,1,0,1,0,1,0,1,1,1,0,0,1,0,0,0,1,1,1,1,0
Perceptron Models,0,1,1,1,1,1,1,1,1,1,0,1,1,0,0,1,0,0,1,0,0,1,1,1,0,0,0,0,1,1
Attention Mechanisms,0,0,1,0,0,0,0,1,0,0,1,1,0,0,1,0,1,0,0,1,0,1,0,0,1,1,0,1,0,0
Autoregressive Integrated Moving Average (ARIMA),0,1,0,1,0,1,1,1,0,1,1,0,1,1,0,1,1,0,0,1,0,0,0,0,0,0,1,0,0,1
K-Means Clustering,0,1,1,1,1,1,0,1,1,0,0,1,0,0,1,1,0,0,0,1,1,0,0,0,1,1,1,1,0,0
Probabilistic Graphical Model,1,1,0,0,0,1,0,0,0,0,0,1,1,1,1,1,0,0,0,0,1,1,1,1,1,0,0,0,1,0
Particle Swarm Optimization (PSO),0,1,1,0,1,0,1,1,1,0,1,0,0,1,0,0,1,1,1,1,1,0,1,0,0,0,0,0,1,0
Frequent Itemset Mining,0,1,0,1,1,1,1,0,0,0,1,0,1,0,0,0,1,0,0,0,1,0,0,1,0,1,1,1,0,1
Gaussian Processes,1,1,1,1,0,1,0,1,1,1,1,1,1,1,0,0,0,1,1,1,1,1,1,0,1,0,0,0,1,1
Linear Discriminant Analysis (LDA),1,0,0,1,1,0,0,0,0,0,0,1,0,0,1,0,1,0,1,0,0,0,0,1,1,1,1,1,1,0
Radial Basis Neural Networks,0,0,0,0,1,0,0,0,1,1,1,1,0,1,0,1,1,0,1,0,0,1,0,0,0,1,1,1,1,1
Principal Component Analysis (PCA),0,0,0,0,0,0,1,1,0,1,1,0,1,1,1,1,0,0,0,1,1,0,0,0,0,1,0,1,0,0
State-Action-Reward-State-Action (SARSA),1,1,0,0,1,1,0,1,0,1,0,0,1,0,1,0,0,0,0,0,0,0,0,0,0,1,1,0,0,1
Policy Gradient,0,0,0,0,0,0,1,1,1,0,0,0,0,0,0,1,1,1,0,1,1,1,1,1,1,0,0,0,1,0
Partial Least Squares (PLS),1,1,0,0,1,1,1,0,1,1,1,1,1,1,0,1,1,0,0,0,1,0,0,0,1,1,1,1,0,0
Markov Decision Processes (MDP),0,1,0,1,0,1,1,1,0,0,1,1,0,0,1,1,1,1,0,1,1,1,0,0,1,1,1,0,0,1
Edge-Based Learning,0,1,0,1,1,1,0,1,1,1,0,1,0,1,1,0,0,1,1,1,0,0,0,1,0,0,1,1,0,1
Inductive Logic Programming,0,1,0,0,0,0,1,1,1,1,1,0,0,1,0,1,1,1,0,1,1,1,1,1,1,0,1,1,0,1
Dictionary Learning,1,0,1,1,1,1,1,0,0,0,1,1,1,0,1,0,1,1,1,1,0,1,1,1,1,1,1,1,0,0
Hierarchical Agglomerative Clustering,0,0,0,1,0,1,1,0,0,0,1,1,0,1,1,1,1,0,0,0,1,1,1,1,1,0,0,0,1,1
Expectation-Maximization (EM),0,1,1,1,1,1,1,0,0,1,0,1,1,1,1,1,1,1,1,0,0,0,0,1,0,0,0,0,1,1
Utility-Based Learning,0,1,1,0,1,0,1,0,1,0,0,0,1,0,1,1,1,1,1,1,0,0,0,1,1,1,0,1,1,0
Temporal Difference Learning,1,1,0,1,0,1,1,0,1,0,1,1,0,1,1,0,0,1,1,1,0,1,1,0,0,0,0,0,1,1
Compound Covariate Predictor,1,0,1,0,1,1,0,1,0,0,1,0,1,1,0,1,1,0,1,1,1,0,0,1,0,1,0,0,1,1
Mean Shift Clustering,1,0,0,1,0,0,1,0,0,0,0,0,0,1,1,0,0,1,1,0,1,1,0,1,1,0,0,0,0,0
Density-Based Spatial Clustering,1,0,0,1,1,0,0,0,1,0,0,0,1,0,0,0,0,1,1,1,0,1,0,0,0,0,0,0,0,0
Dynamic Programming,0,1,0,1,1,0,1,1,1,1,0,0,0,0,0,0,1,0,0,1,0,1,1,1,0,0,0,0,1,0
Bag of Words (BOW),0,0,1,1,1,0,1,1,0,1,1,1,0,0,1,0,1,1,0,0,1,0,0,1,1,0,1,1,0,1
Gaussian Mixture Model (GMM),1,0,0,1,0,0,0,0,0,0,1,1,0,0,1,0,1,0,1,0,0,0,1,0,1,0,0,0,0,1
Hashing Techniques,0,0,0,1,1,0,1,0,0,0,0,1,0,1,1,1,0,1,1,0,1,0,0,1,0,1,1,1,1,1
t-Distributed Stochastic Neighbor Embedding (t-SNE),1,0,0,0,0,1,0,1,1,1,0,1,1,0,0,0,0,1,1,0,0,1,0,0,1,1,0,0,1,0
Uniform Manifold Approximation and Projection (UMAP),1,1,0,1,1,0,1,0,0,1,0,1,0,1,1,0,0,0,0,1,1,0,1,1,1,0,1,1,1,0
Diffusion Models,0,0,0,1,0,1,1,0,1,0,0,0,1,1,1,1,0,1,1,0,0,1,0,0,1,0,0,1,0,1
Single Shot Detector (SSD),1,1,1,1,1,1,0,1,1,0,0,1,1,0,1,1,1,1,0,1,1,0,0,0,0,0,0,0,1,0
You Only Look Once (YOLO),0,0,1,0,1,0,0,1,1,0,0,0,0,1,1,0,0,0,0,1,1,0,0,0,0,1,1,0,0,1
Supervised Learning,0,0,1,0,0,1,1,0,0,0,0,0,0,1,0,0,1,0,0,1,0,0,0,1,1,0,1,0,1,0
Unsupervised Learning,0,1,1,1,1,1,0,1,1,1,1,0,0,1,1,0,0,0,0,0,0,1,1,1,0,1,1,1,0,0
Reinforcement Learning,0,1,0,1,1,1,0,0,1,1,1,1,0,0,1,0,1,0,1,1,1,1,0,0,1,0,1,0,1,0
Semi-Supervised Learning,1,1,1,1,1,0,0,1,1,0,1,1,1,1,1,0,1,0,1,0,1,0,0,0,1,0,0,0,0,0
Self-Supervised Learning,0,1,0,0,1,0,1,0,1,0,0,1,0,0,1,0,0,0,0,0,1,1,1,1,1,1,1,0,1,1
Online Learning,0,1,1,0,0,1,1,0,0,0,0,0,0,0,0,0,1,1,0,1,0,0,0,1,0,0,1,1,1,1
Deep Learning,0,1,0,0,1,1,0,1,1,0,1,1,0,0,1,1,0,1,0,1,1,0,0,1,1,1,1,0,0,1
Shallow Learning,1,0,0,1,1,0,0,0,0,0,1,1,1,1,1,0,0,0,0,1,1,0,0,1,1,0,1,1,1,1
Federated Learning,1,0,0,1,1,0,1,0,0,0,0,1,0,0,1,0,0,1,0,1,1,1,1,0,0,0,0,0,1,1
Manifold Learning,1,1,0,1,1,0,0,0,0,1,0,1,0,1,1,0,0,1,1,0,1,1,1,1,0,0,1,1,0,0
Multiview Learning,1,1,1,0,0,1,0,1,0,1,1,1,0,1,1,1,0,0,1,0,0,1,1,1,0,1,0,1,1,0
Low Complexity Models,0,1,1,1,1,0,1,1,0,0,1,0,0,0,1,1,1,0,1,0,1,1,1,0,0,1,1,1,0,0
Low to Moderate Complexity Models,1,1,1,1,1,0,1,0,0,1,1,1,1,1,0,0,1,0,0,1,0,0,0,0,1,1,1,1,1,0
Moderate Complexity Models,1,0,0,1,1,1,1,1,0,0,0,1,0,1,0,1,0,1,1,0,0,1,0,0,0,0,1,0,1,0
Moderate to High Complexity Models,1,0,0,1,0,0,1,1,1,1,1,1,0,0,0,0,0,0,0,1,0,1,0,1,0,0,0,1,0,0
High Complexity Models,1,0,0,0,0,0,1,0,0,0,0,1,1,1,0,1,1,0,0,1,0,1,1,1,1,0,0,0,0,1
Very High Complexity Models,1,1,1,1,1,0,1,1,0,0,1,0,1,0,0,0,0,0,0,0,0,0,1,1,1,0,1,0,0,0
Various Complexity Levels,0,1,0,0,1,0,1,0,0,0,0,0,1,0,1,1,1,1,1,1,0,1,0,0,0,1,0,0,1,1
Linear Models,1,0,1,1,1,0,0,1,1,0,0,1,0,0,1,1,0,0,1,1,0,1,1,0,1,1,1,0,1,1
Non-Linear Models,1,1,1,1,1,1,0,1,1,1,1,1,1,0,0,0,1,0,1,1,0,1,0,0,0,0,0,0,0,1
Parametric Models,1,0,0,1,0,0,1,0,1,1,1,1,0,0,0,1,1,1,1,0,0,0,0,1,1,0,1,0,1,1
Non-Parametric Models,1,1,1,0,1,1,0,0,0,1,1,0,0,1,1,1,1,1,0,0,0,1,1,1,1,1,0,0,1,1
Boosting Techniques,0,0,1,0,1,1,0,1,1,1,0,0,1,0,1,1,0,1,0,1,1,1,1,0,1,0,0,0,0,1
Deep Forest Models,1,0,0,0,0,0,1,0,0,1,1,0,0,0,1,1,0,1,0,1,1,0,0,1,0,1,1,0,1,1
Bagging Techniques,1,0,1,0,0,1,0,0,0,1,0,0,1,0,0,0,1,0,0,0,1,1,1,0,1,0,0,1,0,0
RAS-CO,0,0,1,0,0,0,0,0,0,1,0,0,0,0,1,1,1,0,1,0,0,1,0,0,0,1,0,0,0,1
Random Subspace Methods,0,1,1,0,1,1,1,0,1,0,1,1,0,1,1,0,1,1,1,0,1,0,0,1,1,1,1,1,0,1
Random Committee Models,1,0,1,0,1,0,0,0,1,1,1,0,0,0,0,0,0,1,0,0,1,1,1,1,1,1,0,1,1,0
Rotation Forest Models,0,1,0,0,1,0,0,1,1,1,1,0,0,1,0,0,0,1,1,0,0,0,0,1,0,0,1,0,0,0
Stacking Models,0,1,0,1,0,1,0,1,0,0,0,0,0,1,1,1,1,0,0,1,0,1,0,0,1,0,0,0,1,0
Co-Training Models,1,1,1,1,1,0,0,0,0,0,1,0,0,1,0,1,1,0,0,0,1,1,1,0,1,1,0,0,1,0
Mixture of Experts Models,1,1,1,0,0,1,1,1,1,0,0,0,0,0,1,0,1,1,1,1,1,1,1,1,0,0,1,1,1,1
Extra Trees,0,0,0,1,1,1,0,0,0,1,0,1,1,1,0,1,1,0,1,1,1,1,0,1,1,1,0,0,1,1
Voting Techniques,1,0,0,1,1,0,1,0,0,0,1,0,0,1,1,0,0,0,0,0,0,1,0,0,1,1,0,0,1,1
Majority Voting,0,1,1,0,1,0,0,0,0,1,0,0,1,1,0,0,1,0,1,1,1,1,1,1,1,1,0,0,1,0
Dropout Techniques,0,0,1,0,1,0,1,1,1,0,1,0,0,1,1,1,0,0,0,1,1,1,0,1,0,1,0,1,1,0
L2 Regularization (Ridge),1,1,0,0,0,0,1,1,1,1,0,0,1,0,1,1,1,1,1,1,1,0,1,1,0,0,0,0,1,0
Batch Normalization,0,0,1,1,1,0,1,1,0,0,0,0,0,0,0,0,1,1,0,0,1,0,0,0,0,1,0,1,0,1
L1 Regularization (Lasso),1,0,1,1,1,1,1,0,0,1,1,1,0,0,0,1,1,0,0,1,0,0,0,1,0,0,1,0,1,1
Gradient Penalty,1,1,0,0,0,1,0,1,0,1,1,1,0,1,1,0,1,1,0,1,0,1,0,1,0,1,1,1,0,1
Reduced Error Pruning,0,0,0,1,1,1,0,1,0,0,1,0,0,0,1,0,1,0,0,1,0,0,1,1,0,0,0,0,0,0
Wasserstein Regularization,1,0,1,1,0,1,0,1,0,0,1,1,0,1,0,0,1,1,0,0,0,0,0,0,0,1,0,0,0,0
Contractive Regularization,1,0,1,1,1,1,1,1,1,1,1,0,0,1,1,1,0,0,1,1,0,1,0,0,1,0,0,0,0,1
Layer Normalization,0,1,0,1,0,0,0,1,1,0,1,0,0,0,0,1,0,1,0,0,1,1,1,0,0,0,1,0,1,0
Instance Normalization,1,0,0,1,0,0,1,0,1,1,0,0,1,1,0,0,0,1,1,1,0,1,0,0,0,0,1,0,1,1
Parameter Freezing,0,1,1,0,1,0,0,0,1,0,1,1,1,1,0,0,1,1,0,1,0,0,1,1,0,0,1,0,1,0
Contrastive Loss,0,1,0,1,0,1,1,1,1,0,0,0,0,0,0,0,0,0,0,0,0,0,0,0,1,0,0,1,0,0
Convolutional Networks,0,1,0,0,0,1,1,0,0,0,1,0,1,1,0,0,1,0,0,0,0,0,1,1,1,1,0,1,0,0
Recurrent Networks,1,1,1,1,1,0,1,0,0,0,1,0,0,1,0,1,0,1,1,1,0,0,1,1,0,1,1,0,0,0
Feedforward Networks,0,0,1,1,1,1,1,1,1,1,1,0,1,1,0,1,1,0,0,0,0,0,0,1,1,1,1,1,1,0
Autoencoder Architectures,1,0,0,1,0,0,0,1,1,0,1,1,0,1,0,1,1,0,0,0,1,0,1,1,1,1,0,0,0,0
Transformer Models,1,0,0,1,0,0,0,1,0,0,0,1,1,0,0,1,0,0,1,0,0,0,0,1,0,0,1,0,1,0
Residual Network (Skip Connections),0,0,1,0,1,0,0,0,1,0,1,0,1,0,0,1,0,1,0,0,1,1,0,1,0,1,0,0,0,1
Fully Connected Networks,1,1,1,1,0,1,1,1,1,1,1,1,1,1,1,1,0,0,1,1,0,1,1,0,0,0,1,1,0,1
Generative Adversarial Architectures,1,1,1,1,0,0,0,0,0,0,0,0,0,1,0,1,1,0,0,0,0,1,0,1,0,0,1,0,1,1
Boltzmann Machines,1,1,1,1,1,1,0,1,1,0,1,1,1,1,1,0,1,0,1,0,1,0,0,0,1,0,0,0,1,0
Deep Q-Networks,0,1,0,1,1,1,0,1,0,1,0,1,0,0,1,0,0,0,1,1,1,0,1,1,1,1,1,0,1,1
Feature Pyramid Networks,0,1,0,0,1,1,0,0,1,0,0,0,0,0,0,0,0,0,1,1,0,0,1,1,0,1,0,0,0,0
Bidirectional Architectures,1,0,0,1,0,0,0,0,1,0,0,1,0,0,0,1,1,1,0,1,1,0,1,0,0,0,0,0,1,0
Graph Models,0,0,1,1,1,1,0,0,0,1,0,0,0,1,1,0,1,1,0,1,0,1,1,1,0,1,0,0,1,1
Mechanism,0,1,0,0,0,1,1,1,1,1,0,0,1,0,0,0,0,1,1,1,0,1,1,0,0,0,1,0,0,1
Grid-Like Structures,0,0,1,0,0,1,0,1,0,1,0,0,0,1,0,0,1,1,0,0,1,0,1,1,0,1,0,0,0,0
Siamese Networks,0,0,1,1,0,1,0,0,1,0,1,0,0,1,0,0,1,0,1,1,1,0,1,0,1,0,1,0,0,1
Dilated Convolutions,0,0,1,1,1,0,1,0,1,1,1,1,0,1,0,1,0,1,0,1,0,0,0,0,0,0,1,1,0,1
Autoregressive Models,1,1,1,0,1,1,0,1,0,0,0,0,1,0,1,1,1,0,1,0,1,0,0,0,0,1,1,0,1,0
Inception Networks,1,1,0,1,0,0,1,0,0,0,0,1,1,1,1,1,0,1,1,1,0,0,1,1,1,1,0,0,1,1
Sparse Networks,1,0,1,1,0,0,1,1,1,1,0,0,1,0,1,1,1,0,0,0,0,0,1,0,1,1,0,0,1,1
Mask Head Networks,1,1,0,0,1,1,1,1,1,1,0,1,0,0,1,0,1,0,1,1,1,0,1,1,0,1,0,0,0,0
Subnetwork Architectures,1,0,1,0,0,1,1,0,1,1,1,0,0,0,1,1,0,0,0,0,0,0,1,1,0,1,1,1,0,1
Gated Recurrent Units (GRU),1,1,1,1,0,0,0,1,1,1,0,0,0,1,0,1,1,1,0,1,0,0,0,0,0,1,0,1,0,0
Actor-Critic Models,0,1,0,0,1,1,1,0,0,0,1,0,1,1,0,0,0,1,1,1,1,0,1,0,1,0,1,1,0,0
Dense Blocks,0,0,1,1,1,1,0,1,1,1,1,1,1,0,0,1,0,0,0,0,1,0,1,0,1,1,0,0,1,1
Probabilistic Networks,0,1,1,1,1,0,1,1,0,1,0,0,0,0,0,1,0,1,0,0,0,0,1,0,1,0,0,1,1,1
Radial Basis Function Networks,0,0,1,1,1,0,0,1,1,1,1,1,0,1,1,0,0,1,1,0,1,1,1,0,0,1,0,1,1,1
Spiking Neural Networks,0,1,0,0,1,0,0,1,0,1,0,0,1,1,0,0,0,0,0,1,1,1,0,1,1,1,1,0,1,0
Fuzzy Logic Systems,0,0,0,0,0,0,1,1,1,0,0,0,0,0,0,0,0,0,0,1,1,0,0,1,0,1,1,1,0,1
Capsule Layers,1,1,0,1,0,1,0,0,1,1,0,0,1,1,0,1,1,0,1,1,0,0,1,1,0,1,0,1,0,0
Hierarchical Attention Networks,0,0,0,0,0,1,1,1,0,1,1,0,0,0,1,1,1,1,0,0,1,0,1,1,1,1,0,1,1,1
Competitive Layer Networks,1,1,1,0,1,0,0,1,1,1,0,1,1,1,0,1,0,1,1,1,0,0,1,1,0,0,0,1,0,1
Triplet Networks,1,0,1,0,0,0,0,0,0,0,1,1,1,1,1,1,1,1,1,1,1,1,0,0,0,1,1,1,1,0
Inference Compositions,0,0,0,1,1,1,0,0,1,1,1,1,0,1,0,0,1,1,0,1,1,0,0,1,1,0,1,0,1,1
Generative Pretrained Transformer (GPT),1,1,0,0,0,1,0,0,0,1,1,0,1,1,0,0,0,1,1,1,1,0,0,0,0,0,0,0,0,1
Hypernetworks,0,0,1,1,0,0,1,1,0,1,1,0,0,0,1,0,1,0,0,0,1,0,1,1,1,1,1,0,1,1
Micro Neural Networks,1,1,0,1,0,1,0,1,1,0,0,0,0,1,0,1,0,1,0,0,0,0,1,0,1,0,0,1,0,0
Keypoint Association Networks,0,0,0,1,0,1,0,0,0,0,1,1,0,0,1,1,1,0,0,0,1,0,1,1,1,1,1,0,0,1
Dual Path Networks,0,1,0,0,0,0,0,1,0,1,1,0,0,0,0,1,0,1,0,1,1,0,1,1,0,1,0,1,1,0
Recursive Networks,1,1,0,1,1,1,1,0,0,0,1,0,0,0,1,0,0,1,0,0,1,1,1,1,0,0,1,1,1,1
Shallow Architectures,1,1,1,0,0,1,0,1,1,1,0,1,0,0,0,0,0,1,1,0,0,0,1,0,1,0,1,0,0,0
Functional Linkages,0,1,0,0,1,0,0,0,0,0,1,1,1,0,0,1,1,0,0,1,1,0,0,1,0,1,0,1,1,1
Multi-Head Architectures,1,0,0,0,1,0,0,0,0,0,1,1,0,1,1,1,0,1,0,0,1,0,1,0,1,1,0,1,1,0
Conditional Random Fields (CRF),0,0,1,1,1,1,0,1,1,1,0,0,0,1,1,0,0,0,0,0,0,0,1,1,1,1,1,0,1,0
Multifilter Models,1,1,0,1,0,1,0,1,0,0,0,1,0,1,1,1,1,1,0,1,1,0,0,1,0,1,0,1,0,0
Modular Networks,1,0,1,1,0,1,0,0,1,0,1,1,1,0,1,0,1,1,0,1,0,1,0,0,1,1,1,0,0,0
Fuser Models,0,0,0,0,1,0,0,1,1,0,0,1,0,1,1,0,0,1,0,0,1,1,0,0,1,1,0,0,1,1
Two-Stream Architectures,1,1,0,1,0,1,0,0,0,0,1,1,1,0,0,1,1,0,1,1,0,0,1,0,0,0,1,0,1,1
ReLU Activation,1,1,0,1,0,1,1,0,1,0,0,0,1,1,1,0,0,1,1,1,0,1,0,1,1,1,0,0,1,1
Sigmoid Activation,0,1,1,0,0,0,1,0,1,1,1,1,0,1,1,0,1,0,0,0,0,1,1,0,1,1,0,0,1,1
Tanh Activation,1,0,0,1,1,1,0,1,1,0,1,1,1,0,0,0,1,0,0,0,1,0,1,1,0,0,0,1,0,0
Gaussian Activation,0,0,1,1,1,1,0,1,1,1,1,0,0,0,1,1,1,0,0,1,1,0,0,0,0,0,0,1,0,1
Radial Basis Function (RBF),0,1,1,1,1,0,1,1,0,1,0,1,0,1,1,1,1,1,1,0,0,0,1,1,1,1,1,1,0,1
Gated Linear Unit (GLU),1,1,0,1,0,0,0,1,0,1,0,0,1,1,1,0,1,1,0,1,0,0,1,0,1,1,0,1,1,1
Logistic Activation,0,0,1,1,1,1,0,1,1,0,1,1,1,0,0,0,1,0,1,1,0,1,1,1,1,1,0,1,1,1
Stochastic Units,0,0,0,0,0,0,1,1,0,1,1,1,1,0,1,0,0,1,0,1,0,1,1,0,1,0,1,0,0,0
Parametric ReLU (PReLU),0,1,0,0,1,1,1,1,1,0,0,0,0,0,1,1,1,1,0,1,1,0,1,0,1,0,0,1,1,1
ReLU6 Activation,1,1,0,0,1,1,1,1,0,1,1,1,1,1,0,0,0,1,1,1,1,1,0,1,1,0,0,1,1,1
Exponential Linear Unit (ELU),1,1,0,0,0,1,1,1,1,0,1,1,1,0,1,0,0,1,1,0,0,0,0,1,1,1,1,1,1,0
Mean Squared Error (MSE),1,0,1,1,0,0,1,1,0,1,0,0,1,1,0,0,0,0,0,0,1,1,1,0,0,0,1,0,0,0
Cross-Entropy Loss,1,1,0,1,1,0,1,0,1,1,1,1,0,1,0,1,1,0,1,0,1,0,1,1,0,1,0,0,1,1
Maximum Likelihood Estimation (MLE),0,0,0,0,0,0,1,1,0,0,0,0,0,1,1,0,1,1,1,1,1,0,0,1,0,1,1,0,1,1
Hinge Loss,1,0,1,1,0,1,1,1,0,0,1,0,1,1,1,0,0,1,1,1,1,0,0,0,1,1,0,0,0,1
Minimize Classification Error,0,1,0,0,0,1,0,0,0,0,1,1,1,0,0,1,0,1,1,1,1,0,0,1,0,1,0,1,1,0
Maximize Reward,1,1,1,0,0,0,0,0,1,1,0,0,0,0,0,0,0,1,1,1,1,1,1,1,0,0,0,1,1,1
Information Gain,0,0,0,0,0,1,0,1,0,1,0,0,1,1,0,0,0,0,1,0,1,1,1,0,1,0,1,0,1,0
Joint Probability Distribution,1,0,1,0,1,1,1,0,1,1,1,0,1,0,0,0,0,1,0,0,0,0,0,0,0,0,1,1,0,1
Gini Impurity,1,0,1,1,1,1,0,0,0,1,1,1,1,0,1,1,0,0,0,1,1,1,0,1,1,1,0,1,1,0
Binary Cross-Entropy (Log Loss),1,1,1,0,1,0,1,1,0,0,1,1,1,0,1,0,0,1,0,1,0,1,0,0,0,0,0,0,1,0
Masked Language Model (MLM),1,0,0,0,1,0,1,1,1,0,1,0,0,1,0,1,1,0,1,0,1,0,0,1,1,0,1,0,0,1
Focal Loss,0,0,0,1,0,1,0,0,1,0,0,0,1,1,0,0,1,1,1,0,0,0,1,1,1,1,1,1,1,0
Reconstruction Error,0,0,1,1,1,0,1,0,0,0,1,0,0,1,1,0,0,1,1,0,0,1,1,1,1,0,0,1,0,1
Minimize Sum of Distances,0,0,1,1,1,0,1,1,0,0,0,0,0,1,1,1,0,1,0,0,0,0,1,0,1,1,1,0,0,1
Temporal Difference Error,1,0,1,0,1,1,0,0,1,0,0,1,1,0,0,1,0,0,1,1,0,0,1,1,0,0,0,0,1,0
Adversarial Loss,0,1,1,1,1,1,0,1,1,0,0,1,0,0,1,1,1,1,0,1,0,0,1,0,1,0,1,0,1,1
Task-Specific Objectives,0,1,1,0,0,0,0,0,1,0,1,1,0,1,1,1,1,1,0,1,1,0,1,1,1,0,0,0,1,1
Maximum a Posteriori (MAP) Estimation,0,0,1,1,1,1,1,1,0,0,1,0,1,0,0,1,1,1,1,1,1,1,1,0,0,1,1,0,0,1
Minimize Weighted Sum,0,1,1,1,1,0,1,1,0,1,0,1,1,0,0,1,0,1,0,1,1,1,0,0,1,1,1,1,0,1
Preserve Topological Relationships,1,1,1,0,1,1,1,1,1,1,0,0,0,1,0,1,1,0,0,1,0,0,1,1,1,0,0,0,1,1
Similarity Measure,0,0,0,0,1,0,0,1,1,0,0,1,0,0,1,1,0,0,1,0,1,1,0,1,0,0,1,0,0,1
Gain Ratio,0,1,1,0,1,0,1,1,0,0,1,0,0,0,1,1,1,0,1,1,1,0,0,0,0,1,1,0,1,1
Deviance,0,1,1,0,1,1,1,0,1,0,1,0,1,0,1,0,1,1,0,0,0,1,0,1,1,1,0,1,1,1
Variance Maximization,0,1,0,0,1,0,0,1,0,0,1,1,0,0,1,1,1,1,0,1,0,0,0,0,1,0,0,0,0,1
Kullback-Leibler (KL) Divergence,0,0,0,0,0,1,1,0,1,0,1,0,0,0,0,0,0,0,0,0,1,1,1,1,0,1,0,1,1,0
Minimize Quantization Error,1,1,0,1,1,1,1,0,1,1,1,1,1,1,1,1,1,0,0,1,1,1,0,1,0,1,1,1,0,0
Minimize Regression Error,0,1,1,1,1,1,0,0,0,0,1,1,0,1,1,1,0,0,0,1,1,0,0,1,0,1,0,0,1,0
Induce Logic Rules,1,0,0,1,0,1,1,1,0,1,1,0,0,0,0,0,1,0,0,0,1,1,0,1,0,1,1,0,1,1
Dictionary Elements,1,0,0,0,1,1,1,1,0,0,1,0,1,0,0,0,0,1,0,0,1,1,1,1,0,0,0,1,0,0
Evolve Population of Solutions,0,1,1,0,0,0,0,0,1,1,1,1,1,0,0,0,1,1,0,0,1,0,1,1,1,0,1,1,1,1
Gradient Penalty Techniques,1,0,0,0,0,0,0,0,1,1,0,0,1,1,1,1,1,1,0,1,0,0,0,1,0,1,0,0,0,0
Minimax Optimization,1,1,0,0,1,0,1,1,1,0,0,1,1,1,1,0,0,1,1,0,0,1,0,1,1,0,0,1,0,1
Replaced Token Detection,0,1,1,0,0,1,1,0,0,1,0,0,0,1,1,0,1,0,1,0,0,0,0,1,1,1,1,0,0,0
Maximum Entropy,0,1,1,0,1,1,1,1,0,0,0,0,1,0,0,0,0,1,1,1,1,1,0,1,1,1,1,0,0,1
Fr√©chet Inception Distance (FID),0,0,1,1,0,0,0,1,1,0,1,0,1,1,0,0,0,0,0,0,0,1,1,1,0,0,0,1,1,0
Fixed (Specific) Learning Rate,0,0,0,1,1,0,1,1,0,1,0,1,1,0,0,1,1,1,1,1,0,1,0,0,1,1,0,0,1,0
Adaptive (Adjustable) Learning Rate,1,0,1,1,0,1,1,0,1,0,1,1,1,1,1,0,1,0,0,0,0,0,1,1,0,0,1,1,1,0
Shallow (Single Layer),1,0,0,1,1,0,1,0,1,1,1,1,1,1,1,0,1,0,1,1,0,0,1,0,0,0,0,1,1,1
Multiple Layers,1,1,0,0,1,1,1,0,1,0,0,0,0,0,1,0,1,0,1,0,0,0,0,0,0,0,1,1,1,0
Deep Architectures,1,0,1,0,0,0,1,0,0,0,1,1,1,0,0,0,0,0,1,0,0,1,1,0,0,0,1,1,1,1
Various (Shallow to Deep) Architectures,0,1,1,0,1,1,0,0,0,1,1,1,0,1,0,0,1,1,1,0,1,1,0,0,0,1,0,1,0,0
Dynamically Growing Architectures,0,1,0,1,1,1,0,1,0,0,1,0,1,1,0,0,0,0,0,1,1,0,1,1,0,1,1,1,1,1
Small Model Sizes,1,1,1,1,1,1,1,0,0,0,1,1,0,1,1,0,1,1,1,1,1,0,1,1,1,1,1,1,1,0
Small to Moderate Model Sizes,1,0,0,0,0,0,1,1,0,1,0,0,0,1,1,0,0,1,0,0,0,0,1,0,1,0,1,0,1,0
Moderate Model Sizes,0,0,1,0,1,0,1,1,1,0,1,0,1,0,1,1,1,1,0,1,0,1,0,0,0,1,1,0,1,0
Moderate to Large Model Sizes,0,1,1,0,0,1,1,0,0,1,1,1,0,0,0,1,0,1,1,1,1,0,0,0,0,1,1,0,0,0
Large Model Sizes,0,0,1,1,1,1,0,0,0,1,0,0,1,1,0,1,1,0,0,1,1,0,1,0,1,0,0,1,0,0
Various Model Sizes,0,1,0,1,0,1,0,1,1,0,0,1,1,1,1,1,0,1,0,0,0,1,1,1,1,1,0,1,1,0
Dynamically Growing Sizes,1,1,1,0,0,1,1,1,1,0,1,0,0,0,0,0,1,0,0,0,1,1,0,0,0,0,1,1,0,1
Pre-Trained Models,0,0,0,1,1,0,1,1,1,1,0,1,0,0,0,0,0,1,0,0,0,1,0,0,1,0,0,0,1,1
Fine-Tuning Techniques,0,0,1,1,0,0,1,0,1,1,1,0,1,0,0,1,1,1,1,0,1,1,0,0,1,1,1,1,1,0
Convolutional Kernel,1,0,1,0,1,0,1,1,1,0,1,1,0,1,0,1,0,1,0,1,1,1,0,1,1,0,1,1,1,0
Radial Basis Function (Gaussian),0,0,1,1,1,1,0,0,0,1,0,1,0,1,0,1,1,1,0,0,1,1,1,0,0,1,1,0,0,1
Linear Kernel,1,0,1,0,1,1,0,0,1,0,0,0,1,0,1,1,1,1,0,0,1,0,0,1,0,0,0,0,0,0
Polynomial Kernel,0,1,0,0,0,0,0,0,1,0,1,0,0,1,0,0,0,0,1,1,0,1,1,0,1,0,0,1,0,0
Matern Kernel,1,0,0,1,1,0,1,1,1,0,0,1,1,0,1,0,1,0,1,0,0,0,1,1,1,1,1,0,0,1
Auto-Associative Kernel,0,1,1,0,0,0,1,1,1,1,1,0,1,1,1,0,0,1,0,0,1,1,1,0,0,0,0,0,0,1
Sigmoid Kernel,1,0,1,1,1,1,0,1,1,1,0,0,1,1,1,1,1,1,0,1,0,1,1,1,1,0,1,0,0,1
Structured Data,0,0,0,0,1,0,1,1,0,0,0,1,0,1,1,1,1,0,1,1,1,0,0,1,1,1,1,1,1,0
Images (or Other Grid-Based Data),0,1,1,0,1,1,1,1,1,1,0,1,1,0,1,0,0,1,1,1,0,1,0,1,1,1,1,0,1,1
Time Series Data,0,1,1,0,1,1,0,0,1,0,0,0,0,1,1,1,1,0,1,0,1,1,1,0,1,1,0,1,0,1
Text Data,0,0,1,0,0,1,1,0,1,0,1,1,1,0,1,0,0,0,0,1,1,0,1,1,1,1,0,1,1,1
Categorical (Numerical) Data,0,0,0,1,0,0,1,1,1,1,0,0,1,0,0,1,1,0,0,1,1,1,0,0,0,1,1,0,0,1
Unstructured Data,0,0,0,0,0,0,0,0,1,1,0,1,0,1,1,1,0,0,0,1,1,1,0,0,0,1,1,1,1,0
State-Action Pairs and Rewards,1,1,0,0,1,1,1,0,0,1,0,1,1,1,1,0,0,0,1,0,1,1,1,0,0,1,1,1,1,1
Audio Data,1,0,0,0,1,1,0,1,0,0,1,0,1,0,1,0,1,1,1,0,0,0,0,0,0,1,1,0,1,1
Transactional Data,1,0,1,1,0,1,1,1,0,1,0,1,0,0,0,0,0,1,0,1,0,0,0,0,1,0,1,1,0,1
Streaming Data,0,1,0,1,1,0,0,1,0,0,1,1,1,0,1,1,0,0,0,0,0,1,0,1,0,0,0,1,1,1
Multimodal Data,0,1,1,0,0,1,0,0,0,1,0,1,1,0,0,0,1,1,0,0,0,1,1,1,0,1,0,0,0,1
Automated Machine Learning (AutoML),0,0,1,0,0,1,0,1,0,0,0,1,1,1,0,0,1,0,1,1,1,1,0,0,1,0,1,0,0,0
Custom-Built Models,0,1,0,1,1,1,0,1,1,1,0,0,1,0,1,1,0,0,1,0,1,1,1,0,0,1,1,1,1,1
Gradient Descent Optimizer,1,0,0,1,1,1,1,0,1,0,1,0,1,1,1,1,1,1,0,1,1,1,0,1,0,1,0,0,0,1
Adam Optimizer,0,0,0,0,0,1,0,1,1,1,1,0,1,1,0,0,1,0,1,1,0,0,0,0,1,1,0,0,1,1
RMSprop Optimizer,1,0,0,0,0,1,0,1,1,0,0,0,1,0,1,1,0,0,0,1,0,1,0,1,1,1,0,0,1,1
Adagrad Optimizer,1,1,1,1,1,1,1,0,0,0,0,1,0,0,0,0,1,0,1,1,0,1,1,1,0,1,0,1,0,0
AdaDelta Optimizer,0,0,0,1,0,1,0,0,1,0,1,1,0,0,1,1,0,1,1,0,0,1,0,1,0,1,1,1,0,0
AdaMax Optimizer,1,0,0,0,1,1,1,1,0,0,1,1,1,0,0,1,1,1,0,0,0,0,1,0,1,1,1,0,1,0
Nesterov Accelerated Gradient (NAG),1,1,1,0,0,0,1,0,1,0,1,1,0,0,1,1,0,1,0,1,0,1,0,1,0,0,0,1,0,0